testname,chrome,firefox,webkitgtk
/css/css-grid/abspos/absolute-positioning-changing-containing-block-001.html,1/1,1/1,1/1
/css/css-grid/abspos/absolute-positioning-definite-sizes-001.html,1/1,1/1,1/1
/css/css-grid/abspos/absolute-positioning-grid-container-containing-block-001.html,10/10,10/10,10/10
/css/css-grid/abspos/absolute-positioning-grid-container-parent-001.html,12/12,12/12,12/12
/css/css-grid/abspos/descendant-static-position-001.html,1/1,1/1,0/1
/css/css-grid/abspos/descendant-static-position-002.html,1/1,1/1,0/1
/css/css-grid/abspos/descendant-static-position-003.html,1/1,1/1,0/1
/css/css-grid/abspos/descendant-static-position-004.html,1/1,1/1,1/1
/css/css-grid/abspos/empty-grid-001.html,9/9,9/9,9/9
/css/css-grid/abspos/grid-abspos-staticpos-align-self-001.html,1/1,1/1,1/1
/css/css-grid/abspos/grid-abspos-staticpos-align-self-002.html,1/1,0/1,0/1
/css/css-grid/abspos/grid-abspos-staticpos-align-self-img-001.html,1/1,1/1,1/1
/css/css-grid/abspos/grid-abspos-staticpos-align-self-img-002.html,0/1,0/1,0/1
/css/css-grid/abspos/grid-abspos-staticpos-align-self-rtl-001.html,1/1,1/1,1/1
/css/css-grid/abspos/grid-abspos-staticpos-align-self-rtl-002.html,1/1,1/1,1/1
/css/css-grid/abspos/grid-abspos-staticpos-align-self-rtl-003.html,1/1,0/1,0/1
/css/css-grid/abspos/grid-abspos-staticpos-align-self-rtl-004.html,1/1,0/1,0/1
/css/css-grid/abspos/grid-abspos-staticpos-align-self-safe-001.html,0/1,1/1,1/1
/css/css-grid/abspos/grid-abspos-staticpos-align-self-vertWM-001.html,1/1,1/1,1/1
/css/css-grid/abspos/grid-abspos-staticpos-align-self-vertWM-002.html,1/1,1/1,1/1
/css/css-grid/abspos/grid-abspos-staticpos-align-self-vertWM-003.html,0/1,0/1,0/1
/css/css-grid/abspos/grid-abspos-staticpos-align-self-vertWM-004.html,0/1,0/1,0/1
/css/css-grid/abspos/grid-abspos-staticpos-justify-self-001.html,1/1,1/1,1/1
/css/css-grid/abspos/grid-abspos-staticpos-justify-self-002.html,1/1,0/1,0/1
/css/css-grid/abspos/grid-abspos-staticpos-justify-self-img-001.html,1/1,1/1,1/1
/css/css-grid/abspos/grid-abspos-staticpos-justify-self-img-002.html,0/1,0/1,0/1
/css/css-grid/abspos/grid-abspos-staticpos-justify-self-rtl-001.html,1/1,1/1,1/1
/css/css-grid/abspos/grid-abspos-staticpos-justify-self-rtl-002.html,1/1,1/1,1/1
/css/css-grid/abspos/grid-abspos-staticpos-justify-self-rtl-003.html,1/1,0/1,0/1
/css/css-grid/abspos/grid-abspos-staticpos-justify-self-rtl-004.html,1/1,0/1,0/1
/css/css-grid/abspos/grid-abspos-staticpos-justify-self-vertWM-001.html,1/1,1/1,1/1
/css/css-grid/abspos/grid-abspos-staticpos-justify-self-vertWM-002.html,1/1,1/1,1/1
/css/css-grid/abspos/grid-abspos-staticpos-justify-self-vertWM-003.html,0/1,0/1,0/1
/css/css-grid/abspos/grid-abspos-staticpos-justify-self-vertWM-004.html,0/1,0/1,0/1
/css/css-grid/abspos/grid-item-absolute-positioning-dynamic-001.html,1/1,1/1,1/1
/css/css-grid/abspos/grid-paint-positioned-children-001.html,1/1,1/1,1/1
/css/css-grid/abspos/grid-positioned-children-writing-modes-001.html,1/1,1/1,1/1
/css/css-grid/abspos/grid-positioned-item-dynamic-change-001.html,1/1,1/1,1/1
/css/css-grid/abspos/grid-positioned-items-and-autofit-tracks-001.html,1/1,1/1,1/1
/css/css-grid/abspos/grid-positioned-items-and-autofit-tracks-002.html,1/1,1/1,1/1
/css/css-grid/abspos/grid-positioned-items-and-autofit-tracks-003.html,1/1,1/1,1/1
/css/css-grid/abspos/grid-positioned-items-and-autofit-tracks-004.html,1/1,1/1,1/1
/css/css-grid/abspos/grid-positioned-items-and-autofit-tracks-005.html,1/1,1/1,1/1
/css/css-grid/abspos/grid-positioned-items-and-autofit-tracks-006.html,1/1,1/1,1/1
/css/css-grid/abspos/grid-positioned-items-and-autofit-tracks-007.html,1/1,1/1,1/1
/css/css-grid/abspos/grid-positioned-items-background-001.html,1/1,1/1,1/1
/css/css-grid/abspos/grid-positioned-items-background-rtl-001.html,1/1,1/1,1/1
/css/css-grid/abspos/grid-positioned-items-content-alignment-001.html,60/60,60/60,60/60
/css/css-grid/abspos/grid-positioned-items-content-alignment-rtl-001.html,60/60,60/60,60/60
/css/css-grid/abspos/grid-positioned-items-gaps-001.html,44/44,44/44,44/44
/css/css-grid/abspos/grid-positioned-items-gaps-002-rtl.html,2/2,2/2,2/2
/css/css-grid/abspos/grid-positioned-items-gaps-002.html,2/2,2/2,2/2
/css/css-grid/abspos/grid-positioned-items-gaps-rtl-001.html,44/44,44/44,44/44
/css/css-grid/abspos/grid-positioned-items-implicit-grid-001.html,4/4,4/4,4/4
/css/css-grid/abspos/grid-positioned-items-implicit-grid-line-001.html,4/4,2/4,4/4
/css/css-grid/abspos/grid-positioned-items-padding-001.html,12/12,12/12,12/12
/css/css-grid/abspos/grid-positioned-items-unknown-named-grid-line-001.html,2/2,2/2,2/2
/css/css-grid/abspos/grid-positioned-items-within-grid-implicit-track-001.html,16/16,16/16,16/16
/css/css-grid/abspos/grid-sizing-positioned-items-001.html,8/8,8/8,8/8
/css/css-grid/abspos/orthogonal-positioned-grid-descendants-001.html,100/100,100/100,100/100
/css/css-grid/abspos/orthogonal-positioned-grid-descendants-002.html,100/100,100/100,100/100
/css/css-grid/abspos/orthogonal-positioned-grid-descendants-003.html,100/100,100/100,100/100
/css/css-grid/abspos/orthogonal-positioned-grid-descendants-004.html,100/100,100/100,100/100
/css/css-grid/abspos/orthogonal-positioned-grid-descendants-005.html,100/100,100/100,100/100
/css/css-grid/abspos/orthogonal-positioned-grid-descendants-006.html,100/100,100/100,100/100
/css/css-grid/abspos/orthogonal-positioned-grid-descendants-007.html,100/100,100/100,100/100
/css/css-grid/abspos/orthogonal-positioned-grid-descendants-008.html,100/100,100/100,100/100
/css/css-grid/abspos/orthogonal-positioned-grid-descendants-009.html,100/100,100/100,100/100
/css/css-grid/abspos/orthogonal-positioned-grid-descendants-010.html,100/100,100/100,100/100
/css/css-grid/abspos/orthogonal-positioned-grid-descendants-011.html,100/100,100/100,100/100
/css/css-grid/abspos/orthogonal-positioned-grid-descendants-012.html,100/100,100/100,100/100
/css/css-grid/abspos/orthogonal-positioned-grid-descendants-013.html,100/100,100/100,100/100
/css/css-grid/abspos/orthogonal-positioned-grid-descendants-014.html,100/100,100/100,100/100
/css/css-grid/abspos/orthogonal-positioned-grid-descendants-015.html,100/100,100/100,100/100
/css/css-grid/abspos/orthogonal-positioned-grid-descendants-016.html,100/100,100/100,100/100
/css/css-grid/abspos/orthogonal-positioned-grid-items-001.html,1/1,1/1,1/1
/css/css-grid/abspos/orthogonal-positioned-grid-items-002.html,1/1,1/1,1/1
/css/css-grid/abspos/orthogonal-positioned-grid-items-003.html,1/1,1/1,1/1
/css/css-grid/abspos/orthogonal-positioned-grid-items-004.html,1/1,1/1,1/1
/css/css-grid/abspos/orthogonal-positioned-grid-items-005.html,1/1,1/1,1/1
/css/css-grid/abspos/orthogonal-positioned-grid-items-006.html,1/1,1/1,1/1
/css/css-grid/abspos/orthogonal-positioned-grid-items-007.html,1/1,1/1,1/1
/css/css-grid/abspos/orthogonal-positioned-grid-items-008.html,1/1,1/1,1/1
/css/css-grid/abspos/orthogonal-positioned-grid-items-009.html,1/1,1/1,1/1
/css/css-grid/abspos/orthogonal-positioned-grid-items-010.html,1/1,1/1,1/1
/css/css-grid/abspos/orthogonal-positioned-grid-items-011.html,1/1,1/1,1/1
/css/css-grid/abspos/orthogonal-positioned-grid-items-012.html,1/1,1/1,1/1
/css/css-grid/abspos/orthogonal-positioned-grid-items-013.html,1/1,1/1,1/1
/css/css-grid/abspos/orthogonal-positioned-grid-items-014.html,1/1,1/1,1/1
/css/css-grid/abspos/orthogonal-positioned-grid-items-015.html,1/1,1/1,1/1
/css/css-grid/abspos/orthogonal-positioned-grid-items-016.html,1/1,1/1,1/1
/css/css-grid/abspos/orthogonal-positioned-grid-items-017.html,1/1,1/1,1/1
/css/css-grid/abspos/positioned-grid-descendants-001.html,100/100,100/100,100/100
/css/css-grid/abspos/positioned-grid-descendants-002.html,100/100,100/100,100/100
/css/css-grid/abspos/positioned-grid-descendants-003.html,100/100,100/100,100/100
/css/css-grid/abspos/positioned-grid-descendants-004.html,100/100,100/100,100/100
/css/css-grid/abspos/positioned-grid-descendants-005.html,100/100,100/100,100/100
/css/css-grid/abspos/positioned-grid-descendants-006.html,100/100,100/100,100/100
/css/css-grid/abspos/positioned-grid-descendants-007.html,100/100,100/100,100/100
/css/css-grid/abspos/positioned-grid-descendants-008.html,100/100,100/100,100/100
/css/css-grid/abspos/positioned-grid-descendants-009.html,100/100,100/100,100/100
/css/css-grid/abspos/positioned-grid-descendants-010.html,100/100,100/100,100/100
/css/css-grid/abspos/positioned-grid-descendants-011.html,100/100,100/100,100/100
/css/css-grid/abspos/positioned-grid-descendants-012.html,100/100,100/100,100/100
/css/css-grid/abspos/positioned-grid-descendants-013.html,100/100,100/100,100/100
/css/css-grid/abspos/positioned-grid-descendants-014.html,100/100,100/100,100/100
/css/css-grid/abspos/positioned-grid-descendants-015.html,100/100,100/100,100/100
/css/css-grid/abspos/positioned-grid-descendants-016.html,100/100,100/100,100/100
/css/css-grid/abspos/positioned-grid-items-001.html,1/1,1/1,1/1
/css/css-grid/abspos/positioned-grid-items-002.html,1/1,1/1,1/1
/css/css-grid/abspos/positioned-grid-items-003.html,1/1,1/1,1/1
/css/css-grid/abspos/positioned-grid-items-004.html,1/1,1/1,1/1
/css/css-grid/abspos/positioned-grid-items-005.html,1/1,1/1,1/1
/css/css-grid/abspos/positioned-grid-items-006.html,1/1,1/1,1/1
/css/css-grid/abspos/positioned-grid-items-007.html,1/1,1/1,1/1
/css/css-grid/abspos/positioned-grid-items-008.html,1/1,1/1,1/1
/css/css-grid/abspos/positioned-grid-items-009.html,1/1,1/1,1/1
/css/css-grid/abspos/positioned-grid-items-010.html,1/1,1/1,1/1
/css/css-grid/abspos/positioned-grid-items-011.html,1/1,1/1,1/1
/css/css-grid/abspos/positioned-grid-items-012.html,1/1,1/1,1/1
/css/css-grid/abspos/positioned-grid-items-013.html,1/1,1/1,1/1
/css/css-grid/abspos/positioned-grid-items-014.html,1/1,1/1,1/1
/css/css-grid/abspos/positioned-grid-items-015.html,1/1,1/1,1/1
/css/css-grid/abspos/positioned-grid-items-016.html,1/1,1/1,1/1
/css/css-grid/abspos/positioned-grid-items-017.html,1/1,1/1,1/1
/css/css-grid/abspos/positioned-grid-items-018.html,1/1,1/1,1/1
/css/css-grid/abspos/positioned-grid-items-crash.html,1/1,1/1,1/1
/css/css-grid/abspos/positioned-grid-items-should-not-create-implicit-tracks-001.html,1/1,1/1,1/1
/css/css-grid/abspos/positioned-grid-items-should-not-take-up-space-001.html,12/12,12/12,12/12
/css/css-grid/abspos/positioned-grid-items-sizing-001.html,1/1,1/1,1/1
/css/css-grid/alignment/self-baseline/grid-self-baseline-001.html,1/1,1/1,1/1
/css/css-grid/alignment/self-baseline/grid-self-baseline-002-b.html,1/1,0/1,1/1
/css/css-grid/alignment/self-baseline/grid-self-baseline-002.html,1/1,0/1,1/1
/css/css-grid/alignment/self-baseline/grid-self-baseline-003.html,1/1,0/1,1/1
/css/css-grid/alignment/self-baseline/grid-self-baseline-004.html,1/1,0/1,1/1
/css/css-grid/alignment/self-baseline/grid-self-baseline-005.html,1/1,1/1,1/1
/css/css-grid/alignment/self-baseline/grid-self-baseline-006.html,1/1,0/1,1/1
/css/css-grid/alignment/self-baseline/grid-self-baseline-007.html,1/1,0/1,1/1
/css/css-grid/alignment/self-baseline/grid-self-baseline-008.html,1/1,0/1,1/1
/css/css-grid/alignment/self-baseline/grid-self-baseline-changes-grid-area-size-001.html,1/1,1/1,1/1
/css/css-grid/alignment/self-baseline/grid-self-baseline-changes-grid-area-size-002.html,1/1,1/1,1/1
/css/css-grid/alignment/self-baseline/grid-self-baseline-changes-grid-area-size-003.html,1/1,0/1,1/1
/css/css-grid/alignment/self-baseline/grid-self-baseline-changes-grid-area-size-004.html,1/1,1/1,1/1
/css/css-grid/alignment/self-baseline/grid-self-baseline-changes-grid-area-size-005.html,1/1,1/1,1/1
/css/css-grid/alignment/self-baseline/grid-self-baseline-changes-grid-area-size-006.html,1/1,0/1,1/1
/css/css-grid/alignment/self-baseline/grid-self-baseline-changes-grid-area-size-007.html,1/1,0/1,1/1
/css/css-grid/alignment/self-baseline/grid-self-baseline-changes-grid-area-size-008.html,1/1,0/1,1/1
/css/css-grid/alignment/self-baseline/grid-self-baseline-changes-grid-area-size-009.html,1/1,0/1,1/1
/css/css-grid/alignment/self-baseline/grid-self-baseline-changes-grid-area-size-010.html,1/1,0/1,1/1
/css/css-grid/alignment/self-baseline/grid-self-baseline-changes-grid-area-size-011.html,1/1,0/1,1/1
/css/css-grid/alignment/self-baseline/grid-self-baseline-changes-grid-area-size-012.html,1/1,0/1,1/1
/css/css-grid/alignment/self-baseline/grid-self-baseline-horiz-001.html,1/1,1/1,1/1
/css/css-grid/alignment/self-baseline/grid-self-baseline-horiz-002.html,1/1,1/1,1/1
/css/css-grid/alignment/self-baseline/grid-self-baseline-horiz-003.html,1/1,1/1,1/1
/css/css-grid/alignment/self-baseline/grid-self-baseline-horiz-004.html,1/1,1/1,1/1
/css/css-grid/alignment/self-baseline/grid-self-baseline-horiz-005.html,1/1,1/1,1/1
/css/css-grid/alignment/self-baseline/grid-self-baseline-horiz-006.html,1/1,1/1,1/1
/css/css-grid/alignment/self-baseline/grid-self-baseline-horiz-007.html,1/1,0/1,1/1
/css/css-grid/alignment/self-baseline/grid-self-baseline-vertical-lr-001.html,1/1,1/1,1/1
/css/css-grid/alignment/self-baseline/grid-self-baseline-vertical-lr-002.html,1/1,1/1,1/1
/css/css-grid/alignment/self-baseline/grid-self-baseline-vertical-lr-003.html,1/1,1/1,1/1
/css/css-grid/alignment/self-baseline/grid-self-baseline-vertical-lr-004.html,1/1,1/1,1/1
/css/css-grid/alignment/self-baseline/grid-self-baseline-vertical-lr-005.html,1/1,1/1,1/1
/css/css-grid/alignment/self-baseline/grid-self-baseline-vertical-lr-006.html,1/1,1/1,1/1
/css/css-grid/alignment/self-baseline/grid-self-baseline-vertical-lr-007.html,1/1,0/1,1/1
/css/css-grid/alignment/self-baseline/grid-self-baseline-vertical-rl-001.html,1/1,1/1,1/1
/css/css-grid/alignment/self-baseline/grid-self-baseline-vertical-rl-002.html,1/1,0/1,1/1
/css/css-grid/alignment/self-baseline/grid-self-baseline-vertical-rl-003.html,1/1,0/1,1/1
/css/css-grid/alignment/self-baseline/grid-self-baseline-vertical-rl-004.html,1/1,1/1,1/1
/css/css-grid/alignment/self-baseline/grid-self-baseline-vertical-rl-005.html,1/1,1/1,1/1
/css/css-grid/alignment/self-baseline/grid-self-baseline-vertical-rl-006.html,1/1,1/1,1/1
/css/css-grid/alignment/self-baseline/grid-self-baseline-vertical-rl-007.html,1/1,1/1,1/1
/css/css-grid/alignment/grid-align-baseline-vertical.html,11/11,10/11,11/11
/css/css-grid/alignment/grid-align-baseline.html,8/8,7/8,8/8
/css/css-grid/alignment/grid-align-content-distribution-vertical-lr.html,24/24,24/24,24/24
/css/css-grid/alignment/grid-align-content-distribution-vertical-rl.html,24/24,24/24,24/24
/css/css-grid/alignment/grid-align-content-distribution.html,24/24,24/24,24/24
/css/css-grid/alignment/grid-align-content-vertical-lr.html,6/6,6/6,6/6
/css/css-grid/alignment/grid-align-content-vertical-rl.html,6/6,6/6,6/6
/css/css-grid/alignment/grid-align-content.html,13/13,13/13,13/13
/css/css-grid/alignment/grid-align-justify-margin-border-padding-vertical-lr.html,18/18,18/18,18/18
/css/css-grid/alignment/grid-align-justify-margin-border-padding-vertical-rl.html,18/18,18/18,18/18
/css/css-grid/alignment/grid-align-justify-margin-border-padding.html,18/18,18/18,18/18
/css/css-grid/alignment/grid-align-justify-overflow.html,8/8,8/8,8/8
/css/css-grid/alignment/grid-align-justify-stretch-with-orthogonal-flows.html,8/8,8/8,8/8
/css/css-grid/alignment/grid-align-justify-stretch.html,16/16,16/16,16/16
/css/css-grid/alignment/grid-align-stretching-replaced-items.html,6/6,6/6,6/6
/css/css-grid/alignment/grid-align.html,16/16,16/16,16/16
/css/css-grid/alignment/grid-alignment-implies-size-change-001.html,2/2,2/2,2/2
/css/css-grid/alignment/grid-alignment-implies-size-change-002.html,2/2,2/2,2/2
/css/css-grid/alignment/grid-alignment-implies-size-change-003.html,2/2,2/2,2/2
/css/css-grid/alignment/grid-alignment-implies-size-change-004.html,2/2,2/2,2/2
/css/css-grid/alignment/grid-alignment-implies-size-change-005.html,2/2,2/2,2/2
/css/css-grid/alignment/grid-alignment-implies-size-change-006.html,2/2,2/2,2/2
/css/css-grid/alignment/grid-alignment-implies-size-change-007.html,2/2,2/2,2/2
/css/css-grid/alignment/grid-alignment-implies-size-change-008.html,2/2,2/2,2/2
/css/css-grid/alignment/grid-alignment-implies-size-change-009.html,2/2,2/2,2/2
/css/css-grid/alignment/grid-alignment-implies-size-change-010.html,2/2,2/2,2/2
/css/css-grid/alignment/grid-alignment-implies-size-change-011.html,2/2,1/2,2/2
/css/css-grid/alignment/grid-alignment-implies-size-change-012.html,2/2,1/2,2/2
/css/css-grid/alignment/grid-alignment-implies-size-change-013.html,2/2,1/2,2/2
/css/css-grid/alignment/grid-alignment-implies-size-change-014.html,2/2,1/2,2/2
/css/css-grid/alignment/grid-alignment-implies-size-change-015.html,2/2,2/2,2/2
/css/css-grid/alignment/grid-alignment-implies-size-change-016.html,2/2,2/2,2/2
/css/css-grid/alignment/grid-alignment-implies-size-change-017.html,2/2,1/2,2/2
/css/css-grid/alignment/grid-alignment-implies-size-change-018.html,2/2,1/2,2/2
/css/css-grid/alignment/grid-alignment-implies-size-change-019.html,2/2,2/2,2/2
/css/css-grid/alignment/grid-alignment-implies-size-change-020.html,2/2,2/2,2/2
/css/css-grid/alignment/grid-alignment-implies-size-change-021.html,2/2,2/2,2/2
/css/css-grid/alignment/grid-alignment-implies-size-change-022.html,2/2,2/2,2/2
/css/css-grid/alignment/grid-alignment-implies-size-change-023.html,2/2,2/2,2/2
/css/css-grid/alignment/grid-alignment-implies-size-change-024.html,2/2,2/2,2/2
/css/css-grid/alignment/grid-alignment-implies-size-change-025.html,2/2,2/2,2/2
/css/css-grid/alignment/grid-alignment-implies-size-change-026.html,2/2,2/2,2/2
/css/css-grid/alignment/grid-alignment-implies-size-change-027.html,2/2,2/2,2/2
/css/css-grid/alignment/grid-alignment-implies-size-change-028.html,2/2,2/2,2/2
/css/css-grid/alignment/grid-alignment-implies-size-change-029.html,2/2,1/2,2/2
/css/css-grid/alignment/grid-alignment-implies-size-change-030.html,2/2,1/2,2/2
/css/css-grid/alignment/grid-alignment-implies-size-change-031.html,2/2,1/2,2/2
/css/css-grid/alignment/grid-alignment-implies-size-change-032.html,2/2,2/2,2/2
/css/css-grid/alignment/grid-alignment-implies-size-change-033.html,2/2,2/2,2/2
/css/css-grid/alignment/grid-alignment-implies-size-change-034.html,2/2,2/2,2/2
/css/css-grid/alignment/grid-alignment-implies-size-change-035.html,2/2,1/2,2/2
/css/css-grid/alignment/grid-alignment-implies-size-change-036.html,2/2,1/2,2/2
/css/css-grid/alignment/grid-alignment-style-changes-001.html,6/6,3/6,6/6
/css/css-grid/alignment/grid-alignment-style-changes-002.html,6/6,3/6,6/6
/css/css-grid/alignment/grid-alignment-style-changes-003.html,6/6,1/6,6/6
/css/css-grid/alignment/grid-alignment-style-changes-004.html,6/6,1/6,6/6
/css/css-grid/alignment/grid-alignment-style-changes-005.html,6/6,6/6,6/6
/css/css-grid/alignment/grid-alignment-style-changes-006.html,6/6,6/6,6/6
/css/css-grid/alignment/grid-alignment-style-changes-007.html,6/6,6/6,6/6
/css/css-grid/alignment/grid-alignment-style-changes-008.html,6/6,6/6,6/6
/css/css-grid/alignment/grid-baseline-001.html,1/1,0/1,1/1
/css/css-grid/alignment/grid-baseline-002.html,1/1,1/1,1/1
/css/css-grid/alignment/grid-baseline-003.html,1/1,1/1,1/1
/css/css-grid/alignment/grid-baseline-004.html,18/18,11/18,15/18
/css/css-grid/alignment/grid-baseline-align-cycles-001.html,1/1,0/1,0/1
/css/css-grid/alignment/grid-block-axis-alignment-auto-margins-001.html,2/2,2/2,2/2
/css/css-grid/alignment/grid-block-axis-alignment-auto-margins-002.html,2/2,2/2,2/2
/css/css-grid/alignment/grid-block-axis-alignment-auto-margins-003.html,2/2,2/2,2/2
/css/css-grid/alignment/grid-block-axis-alignment-auto-margins-004.html,2/2,2/2,2/2
/css/css-grid/alignment/grid-block-axis-alignment-auto-margins-005.html,2/2,2/2,2/2
/css/css-grid/alignment/grid-block-axis-alignment-auto-margins-006.html,2/2,2/2,2/2
/css/css-grid/alignment/grid-block-axis-alignment-auto-margins-007.html,2/2,2/2,2/2
/css/css-grid/alignment/grid-block-axis-alignment-auto-margins-008.html,1/1,1/1,1/1
/css/css-grid/alignment/grid-column-axis-alignment-positioned-items-001.html,4/4,4/4,4/4
/css/css-grid/alignment/grid-column-axis-alignment-positioned-items-002.html,4/4,4/4,4/4
/css/css-grid/alignment/grid-column-axis-alignment-positioned-items-003.html,4/4,4/4,4/4
/css/css-grid/alignment/grid-column-axis-alignment-positioned-items-004.html,4/4,4/4,4/4
/css/css-grid/alignment/grid-column-axis-alignment-positioned-items-005.html,4/4,4/4,4/4
/css/css-grid/alignment/grid-column-axis-alignment-positioned-items-006.html,4/4,4/4,4/4
/css/css-grid/alignment/grid-column-axis-alignment-positioned-items-007.html,4/4,4/4,4/4
/css/css-grid/alignment/grid-column-axis-alignment-positioned-items-008.html,4/4,4/4,4/4
/css/css-grid/alignment/grid-column-axis-alignment-positioned-items-009.html,4/4,4/4,4/4
/css/css-grid/alignment/grid-column-axis-alignment-positioned-items-010.html,4/4,4/4,4/4
/css/css-grid/alignment/grid-column-axis-alignment-positioned-items-011.html,4/4,4/4,4/4
/css/css-grid/alignment/grid-column-axis-alignment-positioned-items-012.html,4/4,4/4,4/4
/css/css-grid/alignment/grid-column-axis-alignment-positioned-items-013.html,4/4,4/4,4/4
/css/css-grid/alignment/grid-column-axis-alignment-positioned-items-014.html,4/4,4/4,4/4
/css/css-grid/alignment/grid-column-axis-alignment-positioned-items-015.html,4/4,4/4,4/4
/css/css-grid/alignment/grid-column-axis-alignment-positioned-items-016.html,4/4,4/4,4/4
/css/css-grid/alignment/grid-column-axis-alignment-positioned-items-017.html,4/4,4/4,4/4
/css/css-grid/alignment/grid-column-axis-alignment-sticky-positioned-items-001.html,2/2,2/2,2/2
/css/css-grid/alignment/grid-column-axis-alignment-sticky-positioned-items-002.html,2/2,2/2,2/2
/css/css-grid/alignment/grid-column-axis-self-baseline-synthesized-001.html,4/4,0/4,4/4
/css/css-grid/alignment/grid-column-axis-self-baseline-synthesized-002.html,3/3,0/3,3/3
/css/css-grid/alignment/grid-column-axis-self-baseline-synthesized-003.html,3/3,0/3,3/3
/css/css-grid/alignment/grid-column-axis-self-baseline-synthesized-004.html,3/3,0/3,3/3
/css/css-grid/alignment/grid-column-axis-self-baseline-synthesized-005.html,2/2,0/2,2/2
/css/css-grid/alignment/grid-container-auto-margins-scrollbars-001.html,1/1,1/1,1/1
/css/css-grid/alignment/grid-container-baseline-001.html,11/11,0/11,11/11
/css/css-grid/alignment/grid-content-alignment-and-self-alignment-001.html,24/24,24/24,24/24
/css/css-grid/alignment/grid-content-alignment-and-self-alignment-002.html,32/32,32/32,32/32
/css/css-grid/alignment/grid-content-alignment-auto-sized-tracks-001.html,8/8,8/8,8/8
/css/css-grid/alignment/grid-content-alignment-overflow-001.html,14/14,14/14,14/14
/css/css-grid/alignment/grid-content-alignment-second-pass-001.html,8/8,2/8,8/8
/css/css-grid/alignment/grid-content-alignment-second-pass-002.html,8/8,0/8,8/8
/css/css-grid/alignment/grid-content-alignment-with-span-001.html,8/8,8/8,8/8
/css/css-grid/alignment/grid-content-alignment-with-span-vertical-lr-001.html,8/8,8/8,8/8
/css/css-grid/alignment/grid-content-alignment-with-span-vertical-rl-001.html,8/8,8/8,8/8
/css/css-grid/alignment/grid-content-distribution-001.html,1/1,1/1,1/1
/css/css-grid/alignment/grid-content-distribution-002.html,1/1,1/1,1/1
/css/css-grid/alignment/grid-content-distribution-003.html,1/1,1/1,1/1
/css/css-grid/alignment/grid-content-distribution-004.html,1/1,1/1,1/1
/css/css-grid/alignment/grid-content-distribution-005.html,1/1,1/1,1/1
/css/css-grid/alignment/grid-content-distribution-006.html,1/1,1/1,1/1
/css/css-grid/alignment/grid-content-distribution-007.html,1/1,1/1,1/1
/css/css-grid/alignment/grid-content-distribution-008.html,1/1,1/1,1/1
/css/css-grid/alignment/grid-content-distribution-009.html,1/1,1/1,1/1
/css/css-grid/alignment/grid-content-distribution-010.html,1/1,1/1,1/1
/css/css-grid/alignment/grid-content-distribution-011.html,1/1,1/1,1/1
/css/css-grid/alignment/grid-content-distribution-012.html,1/1,1/1,1/1
/css/css-grid/alignment/grid-content-distribution-013.html,1/1,1/1,1/1
/css/css-grid/alignment/grid-content-distribution-014.html,1/1,1/1,1/1
/css/css-grid/alignment/grid-content-distribution-015.html,1/1,1/1,1/1
/css/css-grid/alignment/grid-content-distribution-016.html,1/1,1/1,1/1
/css/css-grid/alignment/grid-content-distribution-017.html,1/1,1/1,1/1
/css/css-grid/alignment/grid-content-distribution-018.html,1/1,1/1,1/1
/css/css-grid/alignment/grid-content-distribution-019.html,1/1,1/1,1/1
/css/css-grid/alignment/grid-content-distribution-020.html,1/1,1/1,1/1
/css/css-grid/alignment/grid-content-distribution-021.html,1/1,1/1,1/1
/css/css-grid/alignment/grid-content-distribution-022.html,1/1,1/1,1/1
/css/css-grid/alignment/grid-content-distribution-023.html,1/1,1/1,1/1
/css/css-grid/alignment/grid-content-distribution-024.html,1/1,1/1,1/1
/css/css-grid/alignment/grid-content-distribution-025.html,1/1,1/1,1/1
/css/css-grid/alignment/grid-content-distribution-026.html,1/1,1/1,1/1
/css/css-grid/alignment/grid-content-distribution-027.html,1/1,1/1,1/1
/css/css-grid/alignment/grid-content-distribution-028.html,1/1,1/1,1/1
/css/css-grid/alignment/grid-content-distribution-with-collapsed-tracks-001.html,1/1,1/1,1/1
/css/css-grid/alignment/grid-content-distribution-with-collapsed-tracks-002.html,1/1,1/1,1/1
/css/css-grid/alignment/grid-content-distribution-with-collapsed-tracks-003.html,1/1,1/1,1/1
/css/css-grid/alignment/grid-content-distribution-with-collapsed-tracks-004.html,1/1,1/1,1/1
/css/css-grid/alignment/grid-content-distribution-with-collapsed-tracks-005.html,1/1,1/1,1/1
/css/css-grid/alignment/grid-content-distribution-with-collapsed-tracks-006.html,1/1,1/1,1/1
/css/css-grid/alignment/grid-content-distribution-with-collapsed-tracks-007.html,1/1,1/1,1/1
/css/css-grid/alignment/grid-content-distribution-with-collapsed-tracks-008.html,1/1,1/1,1/1
/css/css-grid/alignment/grid-content-distribution-with-collapsed-tracks-009.html,1/1,1/1,1/1
/css/css-grid/alignment/grid-content-distribution-with-collapsed-tracks-010.html,1/1,1/1,1/1
/css/css-grid/alignment/grid-content-distribution-with-collapsed-tracks-011.html,1/1,1/1,1/1
/css/css-grid/alignment/grid-content-distribution-with-collapsed-tracks-012.html,1/1,1/1,1/1
/css/css-grid/alignment/grid-content-distribution-with-collapsed-tracks-013.html,1/1,1/1,1/1
/css/css-grid/alignment/grid-content-distribution-with-collapsed-tracks-014.html,1/1,1/1,1/1
/css/css-grid/alignment/grid-content-distribution-with-collapsed-tracks-015.html,1/1,1/1,1/1
/css/css-grid/alignment/grid-content-distribution-with-collapsed-tracks-016.html,1/1,1/1,1/1
/css/css-grid/alignment/grid-content-distribution-with-collapsed-tracks-017.html,1/1,1/1,1/1
/css/css-grid/alignment/grid-content-distribution-with-collapsed-tracks-018.html,1/1,1/1,1/1
/css/css-grid/alignment/grid-content-distribution-with-collapsed-tracks-019.html,1/1,1/1,1/1
/css/css-grid/alignment/grid-content-distribution-with-collapsed-tracks-020.html,1/1,1/1,1/1
/css/css-grid/alignment/grid-content-distribution-with-collapsed-tracks-021.html,1/1,1/1,1/1
/css/css-grid/alignment/grid-content-distribution-with-collapsed-tracks-022.html,1/1,1/1,1/1
/css/css-grid/alignment/grid-content-distribution-with-collapsed-tracks-023.html,1/1,1/1,1/1
/css/css-grid/alignment/grid-content-distribution-with-collapsed-tracks-024.html,1/1,1/1,1/1
/css/css-grid/alignment/grid-fit-content-tracks-dont-stretch-001.html,36/36,36/36,36/36
/css/css-grid/alignment/grid-gutters-001.html,1/1,1/1,1/1
/css/css-grid/alignment/grid-gutters-002.html,1/1,1/1,1/1
/css/css-grid/alignment/grid-gutters-003.html,1/1,1/1,1/1
/css/css-grid/alignment/grid-gutters-004.html,1/1,1/1,1/1
/css/css-grid/alignment/grid-gutters-005.html,1/1,1/1,1/1
/css/css-grid/alignment/grid-gutters-006.html,1/1,1/1,1/1
/css/css-grid/alignment/grid-gutters-007.html,1/1,1/1,1/1
/css/css-grid/alignment/grid-gutters-008.html,1/1,1/1,1/1
/css/css-grid/alignment/grid-gutters-009.html,1/1,1/1,1/1
/css/css-grid/alignment/grid-gutters-010.html,1/1,1/1,1/1
/css/css-grid/alignment/grid-gutters-011.html,1/1,1/1,1/1
/css/css-grid/alignment/grid-gutters-012.html,1/1,1/1,1/1
/css/css-grid/alignment/grid-gutters-013.html,1/1,1/1,1/1
/css/css-grid/alignment/grid-gutters-014.html,1/1,1/1,1/1
/css/css-grid/alignment/grid-gutters-015.html,1/1,1/1,1/1
/css/css-grid/alignment/grid-gutters-016.html,1/1,1/1,1/1
/css/css-grid/alignment/grid-gutters-and-alignment.html,25/25,25/25,25/25
/css/css-grid/alignment/grid-inline-axis-alignment-auto-margins-001.html,2/2,2/2,2/2
/css/css-grid/alignment/grid-inline-axis-alignment-auto-margins-002.html,2/2,2/2,2/2
/css/css-grid/alignment/grid-inline-axis-alignment-auto-margins-003.html,2/2,2/2,2/2
/css/css-grid/alignment/grid-inline-axis-alignment-auto-margins-004.html,2/2,2/2,2/2
/css/css-grid/alignment/grid-inline-axis-alignment-auto-margins-005.html,2/2,2/2,2/2
/css/css-grid/alignment/grid-inline-axis-alignment-auto-margins-006.html,2/2,2/2,2/2
/css/css-grid/alignment/grid-inline-axis-alignment-auto-margins-007.html,2/2,2/2,2/2
/css/css-grid/alignment/grid-inline-axis-alignment-auto-margins-008.html,1/1,1/1,1/1
/css/css-grid/alignment/grid-item-alignment-with-orthogonal-flows-vertical-lr.html,4/4,4/4,4/4
/css/css-grid/alignment/grid-item-alignment-with-orthogonal-flows-vertical-rl.html,4/4,4/4,4/4
/css/css-grid/alignment/grid-item-alignment-with-orthogonal-flows.html,7/7,7/7,7/7
/css/css-grid/alignment/grid-item-auto-margins-alignment-vertical-lr.html,8/8,8/8,8/8
/css/css-grid/alignment/grid-item-auto-margins-alignment-vertical-rl.html,8/8,8/8,8/8
/css/css-grid/alignment/grid-item-auto-margins-alignment.html,8/8,8/8,8/8
/css/css-grid/alignment/grid-item-no-aspect-ratio-stretch-1.html,1/1,1/1,1/1
/css/css-grid/alignment/grid-item-no-aspect-ratio-stretch-2.html,1/1,1/1,1/1
/css/css-grid/alignment/grid-item-no-aspect-ratio-stretch-3.html,1/1,1/1,1/1
/css/css-grid/alignment/grid-item-no-aspect-ratio-stretch-4.html,1/1,0/1,1/1
/css/css-grid/alignment/grid-item-no-aspect-ratio-stretch-5.html,1/1,0/1,1/1
/css/css-grid/alignment/grid-item-no-aspect-ratio-stretch-6.html,1/1,0/1,1/1
/css/css-grid/alignment/grid-item-self-baseline-001.html,0/1,1/1,0/1
/css/css-grid/alignment/grid-place-content-001.html,20/20,20/20,20/20
/css/css-grid/alignment/grid-row-axis-alignment-positioned-items-001.html,4/4,4/4,4/4
/css/css-grid/alignment/grid-row-axis-alignment-positioned-items-002.html,4/4,4/4,4/4
/css/css-grid/alignment/grid-row-axis-alignment-positioned-items-003.html,4/4,4/4,4/4
/css/css-grid/alignment/grid-row-axis-alignment-positioned-items-004.html,4/4,4/4,4/4
/css/css-grid/alignment/grid-row-axis-alignment-positioned-items-005.html,4/4,4/4,4/4
/css/css-grid/alignment/grid-row-axis-alignment-positioned-items-006.html,4/4,4/4,4/4
/css/css-grid/alignment/grid-row-axis-alignment-positioned-items-007.html,4/4,4/4,4/4
/css/css-grid/alignment/grid-row-axis-alignment-positioned-items-008.html,4/4,4/4,4/4
/css/css-grid/alignment/grid-row-axis-alignment-positioned-items-009.html,4/4,4/4,4/4
/css/css-grid/alignment/grid-row-axis-alignment-positioned-items-010.html,4/4,4/4,4/4
/css/css-grid/alignment/grid-row-axis-alignment-positioned-items-011.html,4/4,4/4,4/4
/css/css-grid/alignment/grid-row-axis-alignment-positioned-items-012.html,4/4,4/4,4/4
/css/css-grid/alignment/grid-row-axis-alignment-positioned-items-013.html,4/4,4/4,4/4
/css/css-grid/alignment/grid-row-axis-alignment-positioned-items-014.html,4/4,4/4,4/4
/css/css-grid/alignment/grid-row-axis-alignment-positioned-items-015.html,4/4,4/4,4/4
/css/css-grid/alignment/grid-row-axis-alignment-positioned-items-016.html,4/4,4/4,4/4
/css/css-grid/alignment/grid-row-axis-alignment-positioned-items-017.html,4/4,4/4,4/4
/css/css-grid/alignment/grid-row-axis-alignment-sticky-positioned-items-001.html,2/2,2/2,2/2
/css/css-grid/alignment/grid-row-axis-alignment-sticky-positioned-items-002.html,2/2,2/2,2/2
/css/css-grid/alignment/grid-row-axis-self-baseline-synthesized-001.html,4/4,0/4,3/4
/css/css-grid/alignment/grid-row-axis-self-baseline-synthesized-002.html,4/4,0/4,3/4
/css/css-grid/alignment/grid-row-axis-self-baseline-synthesized-003.html,4/4,0/4,3/4
/css/css-grid/alignment/grid-row-axis-self-baseline-synthesized-004.html,0/4,0/4,4/4
/css/css-grid/alignment/grid-row-axis-self-baseline-synthesized-005.html,2/2,0/2,2/2
/css/css-grid/alignment/grid-self-alignment-baseline-with-grid-001.html,0/1,1/1,0/1
/css/css-grid/alignment/grid-self-alignment-baseline-with-grid-002.html,0/1,1/1,0/1
/css/css-grid/alignment/grid-self-alignment-baseline-with-grid-003.html,0/1,1/1,0/1
/css/css-grid/alignment/grid-self-alignment-baseline-with-grid-004.html,0/1,1/1,0/1
/css/css-grid/alignment/grid-self-alignment-non-static-positioned-items-001.html,4/4,4/4,4/4
/css/css-grid/alignment/grid-self-alignment-non-static-positioned-items-002.html,4/4,4/4,4/4
/css/css-grid/alignment/grid-self-alignment-non-static-positioned-items-003.html,4/4,4/4,4/4
/css/css-grid/alignment/grid-self-alignment-non-static-positioned-items-004.html,4/4,4/4,4/4
/css/css-grid/alignment/grid-self-alignment-non-static-positioned-items-005.html,4/4,4/4,4/4
/css/css-grid/alignment/grid-self-alignment-non-static-positioned-items-006.html,4/4,4/4,4/4
/css/css-grid/alignment/grid-self-alignment-non-static-positioned-items-007.html,4/4,4/4,4/4
/css/css-grid/alignment/grid-self-alignment-non-static-positioned-items-008.html,4/4,4/4,4/4
/css/css-grid/alignment/grid-self-alignment-non-static-positioned-items-009.html,4/4,4/4,4/4
/css/css-grid/alignment/grid-self-alignment-non-static-positioned-items-010.html,4/4,4/4,4/4
/css/css-grid/alignment/grid-self-alignment-non-static-positioned-items-011.html,4/4,4/4,4/4
/css/css-grid/alignment/grid-self-alignment-non-static-positioned-items-012.html,4/4,4/4,4/4
/css/css-grid/alignment/grid-self-alignment-positioned-items-with-margin-border-padding-001.html,4/4,4/4,4/4
/css/css-grid/alignment/grid-self-alignment-positioned-items-with-margin-border-padding-002.html,4/4,4/4,4/4
/css/css-grid/alignment/grid-self-alignment-positioned-items-with-margin-border-padding-003.html,4/4,4/4,4/4
/css/css-grid/alignment/grid-self-alignment-positioned-items-with-margin-border-padding-004.html,1/1,1/1,1/1
/css/css-grid/alignment/grid-self-alignment-positioned-items-with-margin-border-padding-005.html,4/4,4/4,4/4
/css/css-grid/alignment/grid-self-alignment-positioned-items-with-margin-border-padding-006.html,4/4,4/4,4/4
/css/css-grid/alignment/grid-self-alignment-positioned-items-with-margin-border-padding-007.html,4/4,4/4,4/4
/css/css-grid/alignment/grid-self-alignment-positioned-items-with-margin-border-padding-008.html,4/4,4/4,4/4
/css/css-grid/alignment/grid-self-alignment-positioned-items-with-margin-border-padding-009.html,4/4,4/4,4/4
/css/css-grid/alignment/grid-self-alignment-positioned-items-with-margin-border-padding-010.html,4/4,4/4,4/4
/css/css-grid/alignment/grid-self-alignment-positioned-items-with-margin-border-padding-011.html,4/4,4/4,4/4
/css/css-grid/alignment/grid-self-alignment-positioned-items-with-margin-border-padding-012.html,4/4,4/4,4/4
/css/css-grid/alignment/grid-self-alignment-positioned-items-with-margin-border-padding-013.html,4/4,4/4,4/4
/css/css-grid/alignment/grid-self-alignment-positioned-items-with-margin-border-padding-014.html,4/4,4/4,4/4
/css/css-grid/alignment/grid-self-alignment-positioned-items-with-margin-border-padding-015.html,4/4,4/4,4/4
/css/css-grid/alignment/grid-self-alignment-positioned-items-with-margin-border-padding-016.html,4/4,4/4,3/4
/css/css-grid/alignment/grid-self-alignment-stretch-001.html,1/1,1/1,1/1
/css/css-grid/alignment/grid-self-alignment-stretch-002.html,1/1,1/1,1/1
/css/css-grid/alignment/grid-self-alignment-stretch-003.html,1/1,1/1,1/1
/css/css-grid/alignment/grid-self-alignment-stretch-004.html,1/1,1/1,1/1
/css/css-grid/alignment/grid-self-alignment-stretch-005.html,1/1,1/1,1/1
/css/css-grid/alignment/grid-self-alignment-stretch-006.html,1/1,1/1,1/1
/css/css-grid/alignment/grid-self-alignment-stretch-007.html,1/1,1/1,1/1
/css/css-grid/alignment/grid-self-alignment-stretch-008.html,1/1,1/1,1/1
/css/css-grid/alignment/grid-self-alignment-stretch-009.html,1/1,1/1,1/1
/css/css-grid/alignment/grid-self-alignment-stretch-010.html,1/1,1/1,1/1
/css/css-grid/alignment/grid-self-alignment-stretch-011.html,1/1,1/1,1/1
/css/css-grid/alignment/grid-self-alignment-stretch-012.html,1/1,1/1,1/1
/css/css-grid/alignment/grid-self-alignment-stretch-013.html,1/1,1/1,1/1
/css/css-grid/alignment/grid-self-alignment-stretch-014.html,1/1,1/1,1/1
/css/css-grid/alignment/grid-self-alignment-stretch-015.html,1/1,1/1,1/1
/css/css-grid/alignment/grid-self-alignment-stretch-016.html,1/1,1/1,1/1
/css/css-grid/alignment/grid-self-alignment-stretch-input-range.html,1/1,1/1,1/1
/css/css-grid/alignment/grid-self-alignment-stretch-vertical-lr-001.html,1/1,1/1,1/1
/css/css-grid/alignment/grid-self-alignment-stretch-vertical-lr-002.html,1/1,1/1,1/1
/css/css-grid/alignment/grid-self-alignment-stretch-vertical-lr-003.html,1/1,1/1,1/1
/css/css-grid/alignment/grid-self-alignment-stretch-vertical-lr-004.html,1/1,1/1,1/1
/css/css-grid/alignment/grid-self-alignment-stretch-vertical-lr-005.html,1/1,1/1,1/1
/css/css-grid/alignment/grid-self-alignment-stretch-vertical-lr-006.html,1/1,1/1,1/1
/css/css-grid/alignment/grid-self-alignment-stretch-vertical-lr-007.html,1/1,1/1,1/1
/css/css-grid/alignment/grid-self-alignment-stretch-vertical-lr-008.html,1/1,1/1,1/1
/css/css-grid/alignment/grid-self-alignment-stretch-vertical-lr-009.html,1/1,1/1,1/1
/css/css-grid/alignment/grid-self-alignment-stretch-vertical-lr-010.html,1/1,1/1,1/1
/css/css-grid/alignment/grid-self-alignment-stretch-vertical-lr-011.html,1/1,1/1,1/1
/css/css-grid/alignment/grid-self-alignment-stretch-vertical-lr-012.html,1/1,1/1,1/1
/css/css-grid/alignment/grid-self-alignment-stretch-vertical-lr-013.html,1/1,1/1,1/1
/css/css-grid/alignment/grid-self-alignment-stretch-vertical-lr-014.html,1/1,1/1,1/1
/css/css-grid/alignment/grid-self-alignment-stretch-vertical-lr-015.html,1/1,1/1,1/1
/css/css-grid/alignment/grid-self-alignment-stretch-vertical-lr-016.html,1/1,1/1,1/1
/css/css-grid/alignment/grid-self-alignment-stretch-vertical-rl-001.html,1/1,1/1,1/1
/css/css-grid/alignment/grid-self-alignment-stretch-vertical-rl-002.html,1/1,1/1,1/1
/css/css-grid/alignment/grid-self-alignment-stretch-vertical-rl-003.html,1/1,1/1,1/1
/css/css-grid/alignment/grid-self-alignment-stretch-vertical-rl-004.html,1/1,1/1,1/1
/css/css-grid/alignment/grid-self-alignment-stretch-vertical-rl-005.html,1/1,1/1,1/1
/css/css-grid/alignment/grid-self-alignment-stretch-vertical-rl-006.html,1/1,1/1,1/1
/css/css-grid/alignment/grid-self-alignment-stretch-vertical-rl-007.html,1/1,1/1,1/1
/css/css-grid/alignment/grid-self-alignment-stretch-vertical-rl-008.html,1/1,1/1,1/1
/css/css-grid/alignment/grid-self-alignment-stretch-vertical-rl-009.html,1/1,1/1,1/1
/css/css-grid/alignment/grid-self-alignment-stretch-vertical-rl-010.html,1/1,1/1,1/1
/css/css-grid/alignment/grid-self-alignment-stretch-vertical-rl-011.html,1/1,1/1,1/1
/css/css-grid/alignment/grid-self-alignment-stretch-vertical-rl-012.html,1/1,1/1,1/1
/css/css-grid/alignment/grid-self-alignment-stretch-vertical-rl-013.html,1/1,1/1,1/1
/css/css-grid/alignment/grid-self-alignment-stretch-vertical-rl-014.html,1/1,1/1,1/1
/css/css-grid/alignment/grid-self-alignment-stretch-vertical-rl-015.html,1/1,1/1,1/1
/css/css-grid/alignment/grid-self-alignment-stretch-vertical-rl-016.html,1/1,1/1,1/1
/css/css-grid/alignment/grid-self-alignment.html,72/72,72/72,72/72
/css/css-grid/alignment/grid-self-baseline-not-applied-if-sizing-cyclic-dependency-001.html,12/12,4/12,12/12
/css/css-grid/alignment/grid-self-baseline-not-applied-if-sizing-cyclic-dependency-002.html,24/24,0/24,23/24
/css/css-grid/alignment/grid-self-baseline-not-applied-if-sizing-cyclic-dependency-003.html,0/6,0/6,6/6
/css/css-grid/alignment/replaced-alignment-with-aspect-ratio-001.html,1/1,0/1,1/1
/css/css-grid/alignment/replaced-alignment-with-aspect-ratio-002.html,1/1,0/1,1/1
/css/css-grid/alignment/replaced-alignment-with-aspect-ratio-003.tentative.html,1/1,1/1,1/1
/css/css-grid/alignment/replaced-alignment-with-aspect-ratio-004.html,1/1,1/1,1/1
/css/css-grid/alignment/replaced-alignment-with-aspect-ratio-005.html,1/1,1/1,1/1
/css/css-grid/alignment/replaced-alignment-with-aspect-ratio-006.html,1/1,0/1,1/1
/css/css-grid/alignment/replaced-alignment-with-aspect-ratio-007.html,1/1,0/1,1/1
/css/css-grid/alignment/replaced-alignment-with-aspect-ratio-008.html,1/1,0/1,1/1
/css/css-grid/alignment/replaced-alignment-with-aspect-ratio-009.html,1/1,0/1,1/1
/css/css-grid/animation/grid-template-columns-001.html,0/1,1/1,0/1
/css/css-grid/animation/grid-template-columns-interpolation.html,322/448,448/448,320/448
/css/css-grid/animation/grid-template-rows-001.html,0/1,1/1,0/1
/css/css-grid/animation/grid-template-rows-interpolation.html,322/448,448/448,320/448
/css/css-grid/grid-definition/explicit-grid-size-001.html,11/11,11/11,11/11
/css/css-grid/grid-definition/flex-content-distribution-001.html,6/6,6/6,6/6
/css/css-grid/grid-definition/flex-content-resolution-columns-001.html,15/15,15/15,15/15
/css/css-grid/grid-definition/flex-content-resolution-columns-002.html,11/11,11/11,11/11
/css/css-grid/grid-definition/flex-content-resolution-rows-001.html,26/26,26/26,26/26
/css/css-grid/grid-definition/flex-content-resolution-rows-002.html,21/21,21/21,21/21
/css/css-grid/grid-definition/flex-factor-sum-less-than-1-001.html,4/4,4/4,4/4
/css/css-grid/grid-definition/flex-item-grid-container-percentage-rows-001.html,1/1,1/1,1/1
/css/css-grid/grid-definition/fr-unit-with-percentage.html,1/1,1/1,1/1
/css/css-grid/grid-definition/fr-unit.html,1/1,1/1,1/1
/css/css-grid/grid-definition/grid-add-item-with-positioned-items-crash.html,1/1,1/1,1/1
/css/css-grid/grid-definition/grid-add-positioned-block-item-after-inline-item-crash.html,1/1,1/1,1/1
/css/css-grid/grid-definition/grid-auto-explicit-rows-001.html,1/1,1/1,1/1
/css/css-grid/grid-definition/grid-auto-fill-columns-001.html,33/33,31/33,31/33
/css/css-grid/grid-definition/grid-auto-fill-rows-001.html,35/35,33/35,33/35
/css/css-grid/grid-definition/grid-auto-fit-columns-001.html,35/35,33/35,33/35
/css/css-grid/grid-definition/grid-auto-fit-rows-001.html,33/33,31/33,31/33
/css/css-grid/grid-definition/grid-auto-repeat-aspect-ratio-001.html,1/1,0/1,0/1
/css/css-grid/grid-definition/grid-auto-repeat-aspect-ratio-002.html,1/1,0/1,0/1
/css/css-grid/grid-definition/grid-auto-repeat-dynamic-001.html,1/1,0/1,0/1
/css/css-grid/grid-definition/grid-auto-repeat-dynamic-002.html,1/1,1/1,1/1
/css/css-grid/grid-definition/grid-auto-repeat-dynamic-003.html,1/1,0/1,0/1
/css/css-grid/grid-definition/grid-auto-repeat-intrinsic-001.html,8/8,8/8,8/8
/css/css-grid/grid-definition/grid-auto-repeat-max-size-001.html,18/20,20/20,18/20
/css/css-grid/grid-definition/grid-auto-repeat-max-size-002.html,4/4,2/4,4/4
/css/css-grid/grid-definition/grid-auto-repeat-min-max-size-001.html,4/4,4/4,4/4
/css/css-grid/grid-definition/grid-auto-repeat-min-size-001.html,12/12,12/12,12/12
/css/css-grid/grid-definition/grid-auto-repeat-min-size-002.html,4/4,4/4,4/4
/css/css-grid/grid-definition/grid-auto-repeat-min-size-003.html,1/1,1/1,1/1
/css/css-grid/grid-definition/grid-auto-repeat-min-size-004.html,1/1,0/1,1/1
/css/css-grid/grid-definition/grid-auto-repeat-multiple-values-001.html,1/1,1/1,1/1
/css/css-grid/grid-definition/grid-auto-repeat-multiple-values-002.html,1/1,1/1,1/1
/css/css-grid/grid-definition/grid-auto-repeat-multiple-values-003.html,1/1,1/1,1/1
/css/css-grid/grid-definition/grid-auto-repeat-multiple-values-004.html,1/1,1/1,1/1
/css/css-grid/grid-definition/grid-auto-repeat-multiple-values-005.html,1/1,1/1,1/1
/css/css-grid/grid-definition/grid-auto-repeat-positioned-container-001.html,1/1,1/1,1/1
/css/css-grid/grid-definition/grid-change-auto-repeat-tracks.html,16/16,16/16,16/16
/css/css-grid/grid-definition/grid-change-fit-content-argument-001.html,8/8,6/8,8/8
/css/css-grid/grid-definition/grid-change-intrinsic-size-with-auto-repeat-tracks-001.html,8/8,8/8,8/8
/css/css-grid/grid-definition/grid-inline-auto-repeat-001.html,12/12,12/12,12/12
/css/css-grid/grid-definition/grid-inline-support-flexible-lengths-001.html,62/62,62/62,62/62
/css/css-grid/grid-definition/grid-inline-support-grid-template-areas-001.html,45/45,45/45,45/45
/css/css-grid/grid-definition/grid-inline-support-grid-template-columns-rows-001.html,44/44,44/44,44/44
/css/css-grid/grid-definition/grid-inline-support-named-grid-lines-001.html,80/80,80/80,80/80
/css/css-grid/grid-definition/grid-inline-support-repeat-001.html,40/40,40/40,40/40
/css/css-grid/grid-definition/grid-inline-template-columns-rows-resolved-values-001.html,38/38,23/38,38/38
/css/css-grid/grid-definition/grid-layout-auto-tracks.html,1/1,1/1,1/1
/css/css-grid/grid-definition/grid-layout-basic.html,1/1,1/1,1/1
/css/css-grid/grid-definition/grid-layout-repeat-notation.html,1/1,1/1,1/1
/css/css-grid/grid-definition/grid-limits-001.html,0/2,2/2,2/2
/css/css-grid/grid-definition/grid-minimum-contribution-with-percentages.html,16/16,16/16,16/16
/css/css-grid/grid-definition/grid-percentage-rows-indefinite-height-001.html,120/120,16/120,120/120
/css/css-grid/grid-definition/grid-percentage-rows-indefinite-height-002.html,4/4,0/4,4/4
/css/css-grid/grid-definition/grid-shorthand-001.html,2/2,2/2,2/2
/css/css-grid/grid-definition/grid-support-flexible-lengths-001.html,62/62,62/62,62/62
/css/css-grid/grid-definition/grid-support-grid-template-areas-001.html,45/45,35/45,45/45
/css/css-grid/grid-definition/grid-support-grid-template-columns-rows-001.html,44/44,44/44,44/44
/css/css-grid/grid-definition/grid-support-named-grid-lines-001.html,80/80,80/80,80/80
/css/css-grid/grid-definition/grid-support-named-grid-lines-002.html,1/1,1/1,1/1
/css/css-grid/grid-definition/grid-support-named-grid-lines-003.html,1/1,1/1,1/1
/css/css-grid/grid-definition/grid-support-repeat-001.html,40/40,40/40,40/40
/css/css-grid/grid-definition/grid-support-repeat-002.html,20/20,20/20,20/20
/css/css-grid/grid-definition/grid-template-columns-fit-content-001.html,1/1,1/1,1/1
/css/css-grid/grid-definition/grid-template-columns-rows-changes-001.html,21/21,21/21,21/21
/css/css-grid/grid-definition/grid-template-columns-rows-resolved-values-001.html,38/38,23/38,38/38
/css/css-grid/grid-definition/grid-template-rows-fit-content-001.html,1/1,1/1,1/1
/css/css-grid/grid-items/anonymous-grid-item-001.html,1/1,1/1,1/1
/css/css-grid/grid-items/explicitly-sized-grid-item-as-table.html,1/1,1/1,1/1
/css/css-grid/grid-items/grid-auto-margin-and-replaced-item-001.html,1/1,1/1,1/1
/css/css-grid/grid-items/grid-automatic-minimum-intrinsic-aspect-ratio-001.html,14/14,14/14,14/14
/css/css-grid/grid-items/grid-img-item-percent-max-height-001.html,1/1,1/1,1/1
/css/css-grid/grid-items/grid-inline-items-001.html,1/1,1/1,1/1
/css/css-grid/grid-items/grid-inline-items-002.html,1/1,1/1,1/1
/css/css-grid/grid-items/grid-inline-items-003.html,1/1,1/1,1/1
/css/css-grid/grid-items/grid-inline-items-inline-blocks-001.html,1/1,1/1,1/1
/css/css-grid/grid-items/grid-inline-order-property-auto-placement-001.html,1/1,1/1,1/1
/css/css-grid/grid-items/grid-inline-order-property-auto-placement-002.html,1/1,1/1,1/1
/css/css-grid/grid-items/grid-inline-order-property-auto-placement-003.html,1/1,1/1,1/1
/css/css-grid/grid-items/grid-inline-order-property-auto-placement-004.html,1/1,1/1,1/1
/css/css-grid/grid-items/grid-inline-order-property-auto-placement-005.html,1/1,1/1,1/1
/css/css-grid/grid-items/grid-inline-order-property-painting-001.html,1/1,1/1,1/1
/css/css-grid/grid-items/grid-inline-order-property-painting-002.html,1/1,1/1,1/1
/css/css-grid/grid-items/grid-inline-order-property-painting-003.html,1/1,1/1,1/1
/css/css-grid/grid-items/grid-inline-order-property-painting-004.html,1/1,1/1,1/1
/css/css-grid/grid-items/grid-inline-order-property-painting-005.html,1/1,1/1,1/1
/css/css-grid/grid-items/grid-inline-z-axis-ordering-001.html,1/1,1/1,1/1
/css/css-grid/grid-items/grid-inline-z-axis-ordering-002.html,1/1,1/1,1/1
/css/css-grid/grid-items/grid-inline-z-axis-ordering-003.html,1/1,1/1,1/1
/css/css-grid/grid-items/grid-inline-z-axis-ordering-004.html,1/1,1/1,1/1
/css/css-grid/grid-items/grid-inline-z-axis-ordering-005.html,1/1,1/1,1/1
/css/css-grid/grid-items/grid-inline-z-axis-ordering-overlapped-items-001.html,1/1,1/1,1/1
/css/css-grid/grid-items/grid-inline-z-axis-ordering-overlapped-items-002.html,1/1,1/1,1/1
/css/css-grid/grid-items/grid-inline-z-axis-ordering-overlapped-items-003.html,1/1,1/1,1/1
/css/css-grid/grid-items/grid-inline-z-axis-ordering-overlapped-items-004.html,1/1,1/1,1/1
/css/css-grid/grid-items/grid-inline-z-axis-ordering-overlapped-items-005.html,1/1,1/1,1/1
/css/css-grid/grid-items/grid-inline-z-axis-ordering-overlapped-items-006.html,1/1,1/1,1/1
/css/css-grid/grid-items/grid-item-containing-block-001.html,1/1,1/1,1/1
/css/css-grid/grid-items/grid-item-containing-block-002.html,1/1,1/1,1/1
/css/css-grid/grid-items/grid-item-containing-block-003.html,1/1,1/1,1/1
/css/css-grid/grid-items/grid-item-containing-block-004.html,1/1,1/1,1/1
/css/css-grid/grid-items/grid-item-dynamic-min-contribution-001.html,7/7,7/7,7/7
/css/css-grid/grid-items/grid-item-flex-container-001.html,9/9,9/9,9/9
/css/css-grid/grid-items/grid-item-margins-and-writing-modes-001.html,1/1,1/1,1/1
/css/css-grid/grid-items/grid-item-min-auto-size-001.html,4/4,4/4,4/4
/css/css-grid/grid-items/grid-item-overflow-auto-max-height-percentage.html,1/1,1/1,1/1
/css/css-grid/grid-items/grid-item-percentage-sizes-001.html,1/1,1/1,1/1
/css/css-grid/grid-items/grid-item-percentage-sizes-002.html,1/1,1/1,1/1
/css/css-grid/grid-items/grid-item-percentage-sizes-003.html,1/1,1/1,1/1
/css/css-grid/grid-items/grid-item-rel-pos-001.html,1/1,1/1,1/1
/css/css-grid/grid-items/grid-item-rel-pos-002.html,1/1,1/1,1/1
/css/css-grid/grid-items/grid-item-script-001.html,1/1,1/1,1/1
/css/css-grid/grid-items/grid-items-001.html,1/1,1/1,1/1
/css/css-grid/grid-items/grid-items-002.html,1/1,1/1,1/1
/css/css-grid/grid-items/grid-items-003.html,1/1,1/1,1/1
/css/css-grid/grid-items/grid-items-inline-blocks-001.html,1/1,1/1,1/1
/css/css-grid/grid-items/grid-items-minimum-height-orthogonal-001.html,46/46,46/46,46/46
/css/css-grid/grid-items/grid-items-minimum-width-001.html,44/44,44/44,44/44
/css/css-grid/grid-items/grid-items-minimum-width-002.html,44/44,44/44,44/44
/css/css-grid/grid-items/grid-items-minimum-width-orthogonal-001.html,46/46,46/46,46/46
/css/css-grid/grid-items/grid-items-minimum-width-orthogonal-002.html,44/44,44/44,44/44
/css/css-grid/grid-items/grid-items-minimum-width-vertical-lr-001.html,44/44,44/44,44/44
/css/css-grid/grid-items/grid-items-minimum-width-vertical-lr-002.html,44/44,44/44,44/44
/css/css-grid/grid-items/grid-items-minimum-width-vertical-rl-001.html,44/44,44/44,44/44
/css/css-grid/grid-items/grid-items-minimum-width-vertical-rl-002.html,44/44,44/44,44/44
/css/css-grid/grid-items/grid-items-percentage-margins-001.html,8/8,8/8,8/8
/css/css-grid/grid-items/grid-items-percentage-margins-002.html,8/8,8/8,8/8
/css/css-grid/grid-items/grid-items-percentage-margins-003.html,1/1,1/1,1/1
/css/css-grid/grid-items/grid-items-percentage-margins-004.html,1/1,1/1,1/1
/css/css-grid/grid-items/grid-items-percentage-margins-005.html,1/1,1/1,1/1
/css/css-grid/grid-items/grid-items-percentage-margins-006.html,1/1,1/1,1/1
/css/css-grid/grid-items/grid-items-percentage-margins-007.html,1/1,1/1,1/1
/css/css-grid/grid-items/grid-items-percentage-margins-008.html,1/1,1/1,1/1
/css/css-grid/grid-items/grid-items-percentage-margins-009.html,1/1,1/1,1/1
/css/css-grid/grid-items/grid-items-percentage-margins-010.html,1/1,1/1,1/1
/css/css-grid/grid-items/grid-items-percentage-margins-011.html,1/1,1/1,1/1
/css/css-grid/grid-items/grid-items-percentage-margins-012.html,1/1,1/1,1/1
/css/css-grid/grid-items/grid-items-percentage-margins-013.html,1/1,1/1,1/1
/css/css-grid/grid-items/grid-items-percentage-margins-014.html,1/1,1/1,1/1
/css/css-grid/grid-items/grid-items-percentage-margins-vertical-lr-001.html,8/8,8/8,8/8
/css/css-grid/grid-items/grid-items-percentage-margins-vertical-lr-002.html,8/8,8/8,8/8
/css/css-grid/grid-items/grid-items-percentage-margins-vertical-rl-001.html,8/8,8/8,8/8
/css/css-grid/grid-items/grid-items-percentage-margins-vertical-rl-002.html,8/8,8/8,8/8
/css/css-grid/grid-items/grid-items-percentage-paddings-001.html,8/8,8/8,8/8
/css/css-grid/grid-items/grid-items-percentage-paddings-002.html,8/8,8/8,4/8
/css/css-grid/grid-items/grid-items-percentage-paddings-003.html,1/1,1/1,1/1
/css/css-grid/grid-items/grid-items-percentage-paddings-004.html,1/1,1/1,1/1
/css/css-grid/grid-items/grid-items-percentage-paddings-005.html,1/1,1/1,1/1
/css/css-grid/grid-items/grid-items-percentage-paddings-006.html,1/1,1/1,1/1
/css/css-grid/grid-items/grid-items-percentage-paddings-007.html,1/1,1/1,1/1
/css/css-grid/grid-items/grid-items-percentage-paddings-008.html,1/1,1/1,1/1
/css/css-grid/grid-items/grid-items-percentage-paddings-009.html,1/1,1/1,1/1
/css/css-grid/grid-items/grid-items-percentage-paddings-010.html,1/1,1/1,1/1
/css/css-grid/grid-items/grid-items-percentage-paddings-011.html,1/1,1/1,1/1
/css/css-grid/grid-items/grid-items-percentage-paddings-012.html,1/1,1/1,1/1
/css/css-grid/grid-items/grid-items-percentage-paddings-013.html,1/1,1/1,1/1
/css/css-grid/grid-items/grid-items-percentage-paddings-014.html,1/1,1/1,1/1
/css/css-grid/grid-items/grid-items-percentage-paddings-vertical-lr-001.html,8/8,8/8,8/8
/css/css-grid/grid-items/grid-items-percentage-paddings-vertical-lr-002.html,8/8,8/8,4/8
/css/css-grid/grid-items/grid-items-percentage-paddings-vertical-rl-001.html,8/8,8/8,8/8
/css/css-grid/grid-items/grid-items-percentage-paddings-vertical-rl-002.html,8/8,8/8,4/8
/css/css-grid/grid-items/grid-items-relative-offsets-001.html,6/6,6/6,6/6
/css/css-grid/grid-items/grid-items-relative-offsets-002.html,6/6,6/6,6/6
/css/css-grid/grid-items/grid-items-sizing-alignment-001.html,1/1,1/1,1/1
/css/css-grid/grid-items/grid-layout-grid-in-grid.html,1/1,1/1,1/1
/css/css-grid/grid-items/grid-layout-z-order-a.html,1/1,1/1,1/1
/css/css-grid/grid-items/grid-layout-z-order-b.html,1/1,1/1,1/1
/css/css-grid/grid-items/grid-minimum-size-grid-items-001.html,1/1,1/1,1/1
/css/css-grid/grid-items/grid-minimum-size-grid-items-002.html,1/1,1/1,1/1
/css/css-grid/grid-items/grid-minimum-size-grid-items-003.html,1/1,1/1,1/1
/css/css-grid/grid-items/grid-minimum-size-grid-items-004.html,1/1,1/1,1/1
/css/css-grid/grid-items/grid-minimum-size-grid-items-005.html,1/1,1/1,1/1
/css/css-grid/grid-items/grid-minimum-size-grid-items-006.html,1/1,1/1,1/1
/css/css-grid/grid-items/grid-minimum-size-grid-items-007.html,1/1,1/1,1/1
/css/css-grid/grid-items/grid-minimum-size-grid-items-008.html,1/1,1/1,1/1
/css/css-grid/grid-items/grid-minimum-size-grid-items-009.html,1/1,1/1,1/1
/css/css-grid/grid-items/grid-minimum-size-grid-items-010.html,1/1,1/1,1/1
/css/css-grid/grid-items/grid-minimum-size-grid-items-011.html,1/1,1/1,1/1
/css/css-grid/grid-items/grid-minimum-size-grid-items-012.html,1/1,1/1,1/1
/css/css-grid/grid-items/grid-minimum-size-grid-items-013.html,1/1,1/1,1/1
/css/css-grid/grid-items/grid-minimum-size-grid-items-014.html,1/1,1/1,1/1
/css/css-grid/grid-items/grid-minimum-size-grid-items-015.html,1/1,1/1,1/1
/css/css-grid/grid-items/grid-minimum-size-grid-items-016.html,1/1,1/1,1/1
/css/css-grid/grid-items/grid-minimum-size-grid-items-017.html,1/1,1/1,1/1
/css/css-grid/grid-items/grid-minimum-size-grid-items-018.html,1/1,1/1,1/1
/css/css-grid/grid-items/grid-minimum-size-grid-items-019.html,1/1,1/1,1/1
/css/css-grid/grid-items/grid-minimum-size-grid-items-020.html,1/1,1/1,1/1
/css/css-grid/grid-items/grid-minimum-size-grid-items-021.html,135/144,144/144,144/144
/css/css-grid/grid-items/grid-minimum-size-grid-items-022.html,45/45,45/45,45/45
/css/css-grid/grid-items/grid-minimum-size-grid-items-023.html,60/60,60/60,60/60
/css/css-grid/grid-items/grid-minimum-size-grid-items-024.html,45/45,45/45,45/45
/css/css-grid/grid-items/grid-minimum-size-grid-items-025.html,60/60,60/60,60/60
/css/css-grid/grid-items/grid-order-property-auto-placement-001.html,1/1,1/1,1/1
/css/css-grid/grid-items/grid-order-property-auto-placement-002.html,1/1,1/1,1/1
/css/css-grid/grid-items/grid-order-property-auto-placement-003.html,1/1,1/1,1/1
/css/css-grid/grid-items/grid-order-property-auto-placement-004.html,1/1,1/1,1/1
/css/css-grid/grid-items/grid-order-property-auto-placement-005.html,1/1,1/1,1/1
/css/css-grid/grid-items/grid-order-property-painting-001.html,1/1,1/1,1/1
/css/css-grid/grid-items/grid-order-property-painting-002.html,1/1,1/1,1/1
/css/css-grid/grid-items/grid-order-property-painting-003.html,1/1,1/1,1/1
/css/css-grid/grid-items/grid-order-property-painting-004.html,1/1,1/1,1/1
/css/css-grid/grid-items/grid-order-property-painting-005.html,1/1,1/1,1/1
/css/css-grid/grid-items/grid-z-axis-ordering-001.html,1/1,1/1,1/1
/css/css-grid/grid-items/grid-z-axis-ordering-002.html,1/1,1/1,1/1
/css/css-grid/grid-items/grid-z-axis-ordering-003.html,1/1,1/1,1/1
/css/css-grid/grid-items/grid-z-axis-ordering-004.html,1/1,1/1,1/1
/css/css-grid/grid-items/grid-z-axis-ordering-005.html,1/1,1/1,1/1
/css/css-grid/grid-items/grid-z-axis-ordering-overlapped-items-001.html,1/1,1/1,1/1
/css/css-grid/grid-items/grid-z-axis-ordering-overlapped-items-002.html,1/1,1/1,1/1
/css/css-grid/grid-items/grid-z-axis-ordering-overlapped-items-003.html,1/1,1/1,1/1
/css/css-grid/grid-items/grid-z-axis-ordering-overlapped-items-004.html,1/1,1/1,1/1
/css/css-grid/grid-items/grid-z-axis-ordering-overlapped-items-005.html,1/1,1/1,1/1
/css/css-grid/grid-items/grid-z-axis-ordering-overlapped-items-006.html,1/1,1/1,1/1
/css/css-grid/grid-items/item-with-table-with-infinite-max-intrinsic-width.html,1/1,1/1,1/1
/css/css-grid/grid-items/percentage-size-indefinite-replaced.html,1/1,1/1,1/1
/css/css-grid/grid-items/percentage-size-replaced-subitems-001.html,1/1,1/1,1/1
/css/css-grid/grid-items/percentage-size-subitems-001.html,1/1,1/1,1/1
/css/css-grid/grid-items/percentage-size-subitems-002.html,1/1,1/1,1/1
/css/css-grid/grid-items/remove-svg-grid-item-001.html,1/1,1/1,1/1
/css/css-grid/grid-items/replaced-element-001.html,1/1,1/1,1/1
/css/css-grid/grid-items/replaced-element-002.html,1/1,1/1,1/1
/css/css-grid/grid-items/replaced-element-007.html,1/1,1/1,1/1
/css/css-grid/grid-items/replaced-element-010.html,1/1,1/1,1/1
/css/css-grid/grid-items/table-with-infinite-max-intrinsic-width.html,1/1,1/1,1/1
/css/css-grid/grid-items/whitespace-in-grid-item-001.html,1/1,1/1,1/1
/css/css-grid/grid-model/column-property-should-not-apply-on-grid-container-001.html,1/1,1/1,1/1
/css/css-grid/grid-model/compute-intrinsic-widths-scrollbar-001.html,2/2,2/2,2/2
/css/css-grid/grid-model/display-grid.html,1/1,1/1,1/1
/css/css-grid/grid-model/display-inline-grid.html,1/1,1/1,1/1
/css/css-grid/grid-model/fixed-width-intrinsic-width-should-exclude-scrollbar-001.html,2/2,2/2,2/2
/css/css-grid/grid-model/grid-areas-overflowing-grid-container-004.html,1/1,1/1,1/1
/css/css-grid/grid-model/grid-areas-overflowing-grid-container-005.html,1/1,1/1,1/1
/css/css-grid/grid-model/grid-areas-overflowing-grid-container-006.html,1/1,1/1,1/1
/css/css-grid/grid-model/grid-areas-overflowing-grid-container-007.html,1/1,1/1,1/1
/css/css-grid/grid-model/grid-areas-overflowing-grid-container-008.html,1/1,1/1,1/1
/css/css-grid/grid-model/grid-box-sizing-001.html,24/24,24/24,24/24
/css/css-grid/grid-model/grid-button-001.html,2/2,2/2,2/2
/css/css-grid/grid-model/grid-computed-value-display-floated-items-001.html,6/6,6/6,6/6
/css/css-grid/grid-model/grid-container-ignores-first-letter-001.html,12/12,8/12,12/12
/css/css-grid/grid-model/grid-container-ignores-first-letter-002.html,1/1,1/1,1/1
/css/css-grid/grid-model/grid-container-ignores-first-line-001.html,12/12,8/12,12/12
/css/css-grid/grid-model/grid-container-margin-border-padding-scrollbar-001.html,16/16,16/16,16/16
/css/css-grid/grid-model/grid-container-scrollbar-001.html,1/1,1/1,1/1
/css/css-grid/grid-model/grid-container-scrollbar-vertical-lr-001.html,1/1,1/1,1/1
/css/css-grid/grid-model/grid-container-scrollbar-vertical-rl-001.html,1/1,1/1,1/1
/css/css-grid/grid-model/grid-container-scrollbars-sizing-001.html,1/1,1/1,1/1
/css/css-grid/grid-model/grid-container-scrollbars-sizing-002.html,1/1,1/1,1/1
/css/css-grid/grid-model/grid-container-sizing-constraints-001.html,15/15,15/15,15/15
/css/css-grid/grid-model/grid-display-grid-001.html,1/1,1/1,1/1
/css/css-grid/grid-model/grid-display-inline-grid-001.html,1/1,1/1,1/1
/css/css-grid/grid-model/grid-first-letter-001.html,1/1,1/1,1/1
/css/css-grid/grid-model/grid-first-letter-002.html,1/1,1/1,1/1
/css/css-grid/grid-model/grid-first-letter-003.html,1/1,0/1,1/1
/css/css-grid/grid-model/grid-first-line-001.html,1/1,1/1,1/1
/css/css-grid/grid-model/grid-first-line-002.html,1/1,1/1,1/1
/css/css-grid/grid-model/grid-first-line-003.html,1/1,0/1,1/1
/css/css-grid/grid-model/grid-float-001.html,1/1,1/1,1/1
/css/css-grid/grid-model/grid-float-002.html,1/1,1/1,1/1
/css/css-grid/grid-model/grid-floats-no-intrude-001.html,1/1,1/1,1/1
/css/css-grid/grid-model/grid-floats-no-intrude-002.html,1/1,1/1,1/1
/css/css-grid/grid-model/grid-gutters-and-flex-content-001.html,8/8,8/8,8/8
/css/css-grid/grid-model/grid-gutters-and-tracks-001.html,17/17,17/17,17/17
/css/css-grid/grid-model/grid-gutters-as-percentage-001.html,16/16,16/16,16/16
/css/css-grid/grid-model/grid-inline-first-letter-001.html,1/1,1/1,1/1
/css/css-grid/grid-model/grid-inline-first-letter-002.html,1/1,1/1,1/1
/css/css-grid/grid-model/grid-inline-first-letter-003.html,1/1,0/1,1/1
/css/css-grid/grid-model/grid-inline-first-line-001.html,1/1,1/1,1/1
/css/css-grid/grid-model/grid-inline-first-line-002.html,1/1,1/1,1/1
/css/css-grid/grid-model/grid-inline-first-line-003.html,1/1,0/1,1/1
/css/css-grid/grid-model/grid-inline-float-001.html,1/1,1/1,1/1
/css/css-grid/grid-model/grid-inline-floats-no-intrude-001.html,1/1,1/1,1/1
/css/css-grid/grid-model/grid-inline-margins-no-collapse-001.html,1/1,1/1,1/1
/css/css-grid/grid-model/grid-inline-multicol-001.html,1/1,1/1,1/1
/css/css-grid/grid-model/grid-inline-vertical-align-001.html,1/1,1/1,1/1
/css/css-grid/grid-model/grid-item-accepts-first-letter-001.html,2/2,2/2,2/2
/css/css-grid/grid-model/grid-item-accepts-first-line-001.html,2/2,2/2,2/2
/css/css-grid/grid-model/grid-layout-stale-001.html,1/1,1/1,1/1
/css/css-grid/grid-model/grid-layout-stale-002.html,1/1,1/1,1/1
/css/css-grid/grid-model/grid-margins-no-collapse-001.html,1/1,1/1,1/1
/css/css-grid/grid-model/grid-margins-no-collapse-002.html,1/1,1/1,1/1
/css/css-grid/grid-model/grid-min-max-height-001.html,12/12,12/12,12/12
/css/css-grid/grid-model/grid-multicol-001.html,1/1,1/1,1/1
/css/css-grid/grid-model/grid-size-shrink-to-fit-001.html,4/4,4/4,4/4
/css/css-grid/grid-model/grid-support-display-001.html,6/6,6/6,6/6
/css/css-grid/grid-model/grid-vertical-align-001.html,1/1,1/1,1/1
/css/css-grid/implicit-grids/grid-support-grid-auto-columns-rows-001.html,1/1,1/1,1/1
/css/css-grid/implicit-grids/grid-support-grid-auto-columns-rows-002.html,1/1,1/1,1/1
/css/css-grid/implicit-grids/grid-support-grid-auto-columns-rows-003.html,1/1,1/1,1/1
/css/css-grid/layout-algorithm/auto-margins-ignored-during-track-sizing-001.html,1/1,1/1,1/1
/css/css-grid/layout-algorithm/baseline-alignment-affects-intrinsic-size-001.html,48/48,48/48,48/48
/css/css-grid/layout-algorithm/baseline-alignment-affects-intrinsic-size-002.html,48/48,48/48,48/48
/css/css-grid/layout-algorithm/baseline-alignment-affects-intrinsic-size-003.html,24/24,24/24,24/24
/css/css-grid/layout-algorithm/baseline-alignment-affects-intrinsic-size-004.html,24/24,24/24,24/24
/css/css-grid/layout-algorithm/baseline-alignment-affects-intrinsic-size-005.html,24/24,24/24,24/24
/css/css-grid/layout-algorithm/baseline-alignment-affects-intrinsic-size-006.html,24/24,24/24,24/24
/css/css-grid/layout-algorithm/flex-and-intrinsic-sizes-001.html,8/8,8/8,8/8
/css/css-grid/layout-algorithm/flex-and-intrinsic-sizes-002.html,1/1,0/1,1/1
/css/css-grid/layout-algorithm/flex-sizing-columns-min-max-width-001.html,12/12,12/12,12/12
/css/css-grid/layout-algorithm/flex-sizing-rows-min-max-height-001.html,12/12,12/12,12/12
/css/css-grid/layout-algorithm/grid-as-flex-item-should-not-shrink-to-fit-001.html,1/1,1/1,1/1
/css/css-grid/layout-algorithm/grid-as-flex-item-should-not-shrink-to-fit-002.html,1/1,1/1,1/1
/css/css-grid/layout-algorithm/grid-as-flex-item-should-not-shrink-to-fit-003.html,1/1,1/1,1/1
/css/css-grid/layout-algorithm/grid-as-flex-item-should-not-shrink-to-fit-004.html,1/1,1/1,1/1
/css/css-grid/layout-algorithm/grid-as-flex-item-should-not-shrink-to-fit-005.html,1/1,1/1,1/1
/css/css-grid/layout-algorithm/grid-as-flex-item-should-not-shrink-to-fit-006.html,1/1,1/1,1/1
/css/css-grid/layout-algorithm/grid-as-flex-item-should-not-shrink-to-fit-007.html,1/1,1/1,1/1
/css/css-grid/layout-algorithm/grid-as-flex-item-should-not-shrink-to-fit-008.html,1/1,1/1,1/1
/css/css-grid/layout-algorithm/grid-automatic-minimum-for-auto-columns-001.html,4/4,4/4,4/4
/css/css-grid/layout-algorithm/grid-container-percentage-001.html,20/20,20/20,20/20
/css/css-grid/layout-algorithm/grid-container-percentage-002.html,24/24,5/24,24/24
/css/css-grid/layout-algorithm/grid-content-distribution-must-account-for-track-sizing-001.html,1/1,1/1,1/1
/css/css-grid/layout-algorithm/grid-content-distribution-must-account-for-track-sizing-002.html,1/1,0/1,0/1
/css/css-grid/layout-algorithm/grid-content-distribution-must-account-for-track-sizing-003.html,1/1,1/1,1/1
/css/css-grid/layout-algorithm/grid-content-distribution-must-account-for-track-sizing-004.html,1/1,1/1,1/1
/css/css-grid/layout-algorithm/grid-find-fr-size-gutters-001.html,17/17,17/17,17/17
/css/css-grid/layout-algorithm/grid-find-fr-size-gutters-002.html,6/6,6/6,6/6
/css/css-grid/layout-algorithm/grid-fit-content-percentage.html,5/5,5/5,5/5
/css/css-grid/layout-algorithm/grid-flex-track-intrinsic-sizes-001.html,30/30,17/30,17/30
/css/css-grid/layout-algorithm/grid-flex-track-intrinsic-sizes-002.html,5/5,1/5,1/5
/css/css-grid/layout-algorithm/grid-flex-track-intrinsic-sizes-003.html,102/102,78/102,78/102
/css/css-grid/layout-algorithm/grid-intrinsic-size-with-orthogonal-items.html,7/7,0/7,1/7
/css/css-grid/layout-algorithm/grid-intrinsic-track-sizes-001.html,31/31,18/31,31/31
/css/css-grid/layout-algorithm/grid-item-margin-auto-columns-rows-001.html,4/4,4/4,4/4
/css/css-grid/layout-algorithm/grid-item-margin-auto-columns-rows-vertical-lr-001.html,4/4,4/4,4/4
/css/css-grid/layout-algorithm/grid-item-margin-auto-columns-rows-vertical-rl-001.html,4/4,4/4,4/4
/css/css-grid/layout-algorithm/grid-layout-free-space-unit.html,1/1,1/1,1/1
/css/css-grid/layout-algorithm/grid-minimum-contribution-baseline-shim-vertical-lr.html,6/6,4/6,6/6
/css/css-grid/layout-algorithm/grid-minimum-contribution-baseline-shim-vertical-rl.html,6/6,3/6,6/6
/css/css-grid/layout-algorithm/grid-minimum-contribution-baseline-shim.html,6/6,4/6,6/6
/css/css-grid/layout-algorithm/grid-percent-cols-filled-shrinkwrap-001.html,1/1,1/1,1/1
/css/css-grid/layout-algorithm/grid-percent-cols-spanned-shrinkwrap-001.html,1/1,1/1,1/1
/css/css-grid/layout-algorithm/grid-percent-rows-filled-shrinkwrap-001.html,1/1,0/1,1/1
/css/css-grid/layout-algorithm/grid-percent-rows-spanned-shrinkwrap-001.html,1/1,0/1,1/1
/css/css-grid/layout-algorithm/grid-stretch-respects-min-size-001.html,1/1,1/1,1/1
/css/css-grid/parsing/grid-area-computed.html,27/29,15/29,27/29
/css/css-grid/parsing/grid-area-invalid.html,25/25,25/25,25/25
/css/css-grid/parsing/grid-area-shorthand.html,53/53,53/53,53/53
/css/css-grid/parsing/grid-area-valid.html,24/56,56/56,24/56
/css/css-grid/parsing/grid-auto-columns-computed.html,25/25,25/25,25/25
/css/css-grid/parsing/grid-auto-columns-invalid.html,15/15,15/15,15/15
/css/css-grid/parsing/grid-auto-columns-valid.html,30/30,30/30,30/30
/css/css-grid/parsing/grid-auto-flow-computed.html,4/7,7/7,4/7
/css/css-grid/parsing/grid-auto-flow-invalid.html,3/3,3/3,3/3
/css/css-grid/parsing/grid-auto-flow-valid.html,5/7,7/7,5/7
/css/css-grid/parsing/grid-auto-rows-computed.html,25/25,25/25,25/25
/css/css-grid/parsing/grid-auto-rows-invalid.html,14/14,14/14,14/14
/css/css-grid/parsing/grid-auto-rows-valid.html,30/30,30/30,30/30
/css/css-grid/parsing/grid-columns-rows-get-set-multiple.html,39/40,39/40,40/40
/css/css-grid/parsing/grid-content-sized-columns-resolution.html,42/42,42/42,42/42
/css/css-grid/parsing/grid-shorthand-invalid.html,29/29,29/29,29/29
/css/css-grid/parsing/grid-shorthand-valid.html,0/37,37/37,0/37
/css/css-grid/parsing/grid-shorthand.html,31/56,56/56,31/56
/css/css-grid/parsing/grid-template-areas-computed.html,9/9,6/9,9/9
/css/css-grid/parsing/grid-template-areas-invalid.html,11/11,11/11,11/11
/css/css-grid/parsing/grid-template-areas-one-cell.html,6/6,6/6,6/6
/css/css-grid/parsing/grid-template-areas-valid.html,9/9,6/9,9/9
/css/css-grid/parsing/grid-template-columns-computed-implicit-track.html,24/24,24/24,24/24
/css/css-grid/parsing/grid-template-columns-computed-nogrid.html,18/24,24/24,18/24
/css/css-grid/parsing/grid-template-columns-computed-withcontent.html,30/30,30/30,30/30
/css/css-grid/parsing/grid-template-columns-computed.html,24/24,24/24,24/24
/css/css-grid/parsing/grid-template-columns-invalid.html,15/15,15/15,15/15
/css/css-grid/parsing/grid-template-columns-valid.html,34/34,34/34,34/34
/css/css-grid/parsing/grid-template-repeat-auto-computed-withcontent-001.html,12/12,12/12,12/12
/css/css-grid/parsing/grid-template-repeat-auto-computed-withcontent-002.html,17/17,17/17,17/17
/css/css-grid/parsing/grid-template-rows-computed-implicit-track.html,24/24,24/24,24/24
/css/css-grid/parsing/grid-template-rows-computed-nogrid.html,18/24,24/24,18/24
/css/css-grid/parsing/grid-template-rows-computed-withcontent.html,27/27,27/27,27/27
/css/css-grid/parsing/grid-template-rows-computed.html,24/24,24/24,24/24
/css/css-grid/parsing/grid-template-rows-invalid.html,15/15,15/15,15/15
/css/css-grid/parsing/grid-template-rows-valid.html,34/34,34/34,34/34
/css/css-grid/parsing/grid-template-shorthand-invalid.html,30/30,30/30,30/30
/css/css-grid/parsing/grid-template-shorthand-valid.html,0/37,37/37,0/37
/css/css-grid/parsing/grid-template-shorthand.html,24/24,24/24,24/24
/css/css-grid/placement/grid-auto-flow-sparse-001.html,8/8,8/8,8/8
/css/css-grid/placement/grid-auto-placement-implicit-tracks-001.html,12/12,12/12,12/12
/css/css-grid/placement/grid-container-change-grid-tracks-recompute-child-positions-001.html,6/6,6/6,6/6
/css/css-grid/placement/grid-container-change-named-grid-recompute-child-positions-001.html,4/4,4/4,4/4
/css/css-grid/placement/grid-layout-grid-span.html,1/1,1/1,1/1
/css/css-grid/placement/grid-layout-lines-shorthands.html,1/1,1/1,1/1
/css/css-grid/placement/grid-layout-lines.html,1/1,1/1,1/1
/css/css-grid/placement/grid-layout-placement-shorthands.html,1/1,1/1,1/1
/css/css-grid/placement/grid-placement-using-named-grid-lines-001.html,1/1,1/1,1/1
/css/css-grid/placement/grid-placement-using-named-grid-lines-002.html,1/1,1/1,1/1
/css/css-grid/placement/grid-placement-using-named-grid-lines-003.html,1/1,1/1,1/1
/css/css-grid/placement/grid-placement-using-named-grid-lines-004.html,1/1,1/1,1/1
/css/css-grid/placement/grid-placement-using-named-grid-lines-005.html,1/1,1/1,1/1
/css/css-grid/placement/grid-placement-using-named-grid-lines-006.html,1/1,1/1,1/1
/css/css-grid/placement/grid-placement-using-named-grid-lines-007.html,1/1,1/1,1/1
/css/css-grid/placement/grid-placement-using-named-grid-lines-008.html,1/1,1/1,1/1
/css/css-grid/placement/grid-placement-using-named-grid-lines-009.html,1/1,1/1,1/1
/css/css-grid/placement/grid-template-areas-must-keep-named-columns-order-001.html,1/1,1/1,1/1
/css/css-grid/anonymous-grid-items-001.html,1/1,1/1,1/1
/css/css-grid/chrome-bug-001.html,1/1,1/1,1/1
/css/css-grid/chrome-crash-001.html,1/1,1/1,1/1
/css/css-grid/grid-child-percent-basis-resize-1.html,1/1,1/1,1/1
/css/css-grid/grid-item-non-auto-height-stretch-001.html,1/1,1/1,1/1
/css/css-grid/grid-item-non-auto-height-stretch-002.html,1/1,1/1,1/1
/css/css-grid/grid-item-non-auto-height-stretch-003.html,1/1,1/1,1/1
/css/css-grid/grid-item-non-auto-height-stretch-004.html,1/1,1/1,1/1
/css/css-grid/grid-item-percentage-quirk-001.html,1/1,1/1,1/1
/css/css-grid/grid-item-percentage-quirk-002.html,1/1,1/1,1/1
/css/css-grid/grid-layout-properties.html,119/140,98/140,119/140
/css/css-grid/grid-tracks-stretched-with-different-flex-factors-sum.html,2/2,2/2,2/2
/css/css-grid/inheritance.html,20/20,20/20,20/20
/css/css-grid/relative-grandchild.html,1/1,1/1,1/1
/css/css-grid/table-grid-item-dynamic-001.html,1/1,1/1,1/1
/css/css-grid/table-grid-item-dynamic-002.html,1/1,1/1,1/1
/css/css-grid/table-grid-item-dynamic-003.html,1/1,1/1,1/1
/css/css-grid/table-grid-item-dynamic-004.html,1/1,0/1,1/1
